Model,RMSE,MAE,R2
XGBoost,1.1448583040633507,0.8295333007970144,0.9403025438878733
Random Forest,1.1594653844622458,0.8415123981835433,0.9387694835365836
Linear Regression,1.3252398579148612,0.9767768751176884,0.9200089631341999
LSTM,1.3523453058246184,1.0255439643822652,0.913899967958292
