Model,RMSE,MAE,R2
Hybrid (XGB+OAS),0.9459163566074685,0.7032901238993414,0.9648015586296161
XGBoost,1.1642208702867183,0.8345588333375489,0.946680174063129
Random Forest,1.1998455357918087,0.8666498394741912,0.943367120714792
Linear Regression,1.830697444098413,1.279686068473161,0.8681588104950594
